customer_segment,total_customers,total_revenue,total_profit
Consumer,10695,19095790.15517917,2073487.6719135176
Corporate,6239,11168406.842991773,1202574.9615065635
Home Office,3718,6520538.015215397,690840.3406302165
